{"soilMoisture": 18.95, "lightIntensity(lux)": 17.5, "temperature(*C)": null, "humidity(RH)": null, "temperature 2(*C)": 22.900743437567417, "Pressure(hPa)": 1687.0563307215991}